round,device_id,train_loss,num_train_samples,x_pos,y_pos,emd
1,0,0.0076535590924322605,500,29.74607003168783,32.86980133788973,0.016
1,1,0.007675305474549532,500,91.01797976307071,44.21966562739326,0.0072000000000000015
1,2,0.008378514088690281,500,99.36664167576703,28.55472852895042,0.009199999999999998
1,3,0.00734949205070734,500,28.304154287791466,94.81481516798041,0.009600000000000001
1,4,0.006815160159021616,500,8.94878218718916,81.14616004020459,0.0075999999999999965
1,5,0.0075882538221776485,500,56.3750522355227,67.17974129514892,0.0076
1,6,0.007463473826646805,500,51.752476445740584,51.034590637216326,0.012800000000000002
1,7,0.008741875179111958,500,45.635005748825584,19.265244436898513,0.006799999999999998
1,8,0.007916487753391266,500,33.69404739186022,20.43340605123756,0.013200000000000002
1,9,0.0069037508219480515,500,88.85529635546628,88.9602334540578,0.0112
1,10,0.008710966445505619,500,1.1638432339637506,1.4718975204166889,0.0088
1,11,0.007825938984751701,500,53.109922323372075,69.31615558760559,0.0156
1,12,0.007937894202768803,500,42.69782354318457,43.93709222648383,0.011999999999999999
1,13,0.007814501412212849,500,79.94793746131405,19.45739691339016,0.008399999999999998
1,14,0.00813676044344902,500,18.79925773288744,42.11643246893176,0.0116
1,15,0.008741176687180996,500,71.08718656755197,59.64746715070979,0.010799999999999994
1,16,0.0076621584594249725,500,28.43508059186678,58.216508340667694,0.0128
1,17,0.006803550757467747,500,65.29197418972987,78.74573171783844,0.012000000000000002
1,18,0.007738906890153885,500,74.34358199673748,54.85561231635997,0.009600000000000001
1,19,0.007293597795069218,500,38.06754584442948,74.29669825087491,0.009600000000000001
1,20,0.007619053591042757,500,66.2591178574317,45.53346804514005,0.0108
1,21,0.007930266670882702,500,78.50954792413374,22.5561821481325,0.0084
1,22,0.007902934215962887,500,3.6472989098796087,24.206533588400937,0.0132
1,23,0.00792489480227232,500,7.640179278509961,25.651332428588475,0.0112
1,24,0.007171161938458681,500,52.36493820138366,25.625873929403756,0.008000000000000002
1,25,0.00871755089610815,500,33.82795632099343,17.349631643077185,0.010399999999999996
1,26,0.006651175208389759,500,59.724196320682836,63.90395746063597,0.0116
1,27,0.0072542051784694195,500,36.82512413484713,50.993968931625346,0.011999999999999999
1,28,0.006566816475242376,500,26.208910395532286,22.04125448557884,0.007599999999999997
1,29,0.008681110106408596,500,40.409305161214846,93.25216097072038,0.014000000000000005
1,30,0.007865861058235168,500,49.74734169863074,60.365702497669226,0.014400000000000003
1,31,0.008718812838196754,500,51.966490470074184,10.869854327997928,0.006799999999999999
1,32,0.007942522875964642,500,56.356545393754885,98.48899136613863,0.006399999999999997
1,33,0.007838232442736626,500,27.215937356004307,48.4997411811905,0.0108
1,34,0.007136143743991852,500,42.38323799711981,35.37502943530616,0.010799999999999999
1,35,0.007455739192664623,500,40.44344633362812,82.49567908016662,0.0136
1,36,0.007339580915868282,500,27.991660460086255,99.28784976613446,0.0108
1,37,0.006974179297685623,500,22.955292098103303,90.14349735138826,0.0124
1,38,0.007817758247256279,500,52.303296338588524,66.54992789847165,0.012
1,39,0.008007734082639217,500,18.979490237998874,55.762517444715506,0.0072
1,40,0.008122540079057217,500,32.710448663705904,9.182931925263784,0.008799999999999997
1,41,0.0060699149034917355,500,57.07144742858881,43.79715455056439,0.0092
1,42,0.008907145820558071,500,8.916427026959548,33.09556180749033,0.0144
1,43,0.0079379016533494,500,43.446376490117075,58.89015765823998,0.0092
1,44,0.007452360354363918,500,51.90021691444433,63.639820643173046,0.010400000000000001
1,45,0.008230938576161861,500,37.10007012828658,67.88816513231548,0.0092
1,46,0.00837438553571701,500,22.495935289500334,82.09435598662327,0.012799999999999999
1,47,0.007360368967056274,500,56.264961180973714,28.105688979581974,0.0084
1,48,0.00802689604461193,500,11.399927753763368,64.95041652638629,0.008799999999999999
1,49,0.008387815207242966,500,21.257180865570373,3.7774828397810847,0.014799999999999999
1,50,0.007210899610072374,500,22.464418210117966,90.74978128824674,0.0084
1,51,0.00848231092095375,500,65.80281011570212,84.65571050372304,0.012799999999999999
1,52,0.006832313723862171,500,36.84527849861714,52.712382457532684,0.0188
1,53,0.007544165942817926,500,44.224319120684605,95.31209356174456,0.008800000000000002
1,54,0.0072151655331254005,500,87.58141328966329,67.51344528231013,0.008399999999999998
1,55,0.007884847931563854,500,2.229952112339742,96.89858295080894,0.010800000000000004
1,56,0.008151216432452202,500,46.71181180180484,85.22719694133953,0.003199999999999996
1,57,0.008195883594453335,500,89.59179598335788,41.88893116905254,0.0148
1,58,0.00876749400049448,500,56.80337777655688,18.107602435444498,0.0072000000000000015
1,59,0.006844727788120508,500,87.0147041285538,33.73044056294367,0.012
1,60,0.0068840342573821545,500,28.017099992929662,10.845269505186467,0.010000000000000002
1,61,0.008661849424242973,500,72.98625002255044,9.745938762630473,0.008400000000000001
1,62,0.007832146249711514,500,15.39965906113995,50.40798475806981,0.0108
1,63,0.008424472995102406,500,84.14334858895474,90.19118685593476,0.012400000000000001
1,64,0.007189203053712845,500,94.68478847749911,88.23669353270373,0.005199999999999999
1,65,0.008256259374320507,500,8.56279633373699,23.446289955860532,0.0092
1,66,0.007897098548710346,500,27.820473397234796,58.11190125097072,0.011200000000000003
1,67,0.0076956916600465775,500,3.0415478773386813,78.51255629622398,0.010799999999999999
1,68,0.008076878264546394,500,30.00550879170536,15.862913446519578,0.0132
1,69,0.008242997340857983,500,75.24108690342017,70.51595126296225,0.011999999999999999
1,70,0.007752913050353527,500,33.30276990071667,86.86995961694392,0.013599999999999998
1,71,0.008168174885213375,500,80.19769230998881,31.112280498977622,0.0092
1,72,0.009464150294661522,500,71.75516010883558,40.53755989398874,0.012
1,73,0.008683689869940281,500,56.4251256867242,22.64964965324098,0.008799999999999997
1,74,0.007342133671045303,500,63.34270996681625,16.84070756994387,0.009599999999999997
1,75,0.008682085201144218,500,16.06540792443675,84.48439106619965,0.006399999999999999
1,76,0.007110190577805042,500,3.1710582683058868,42.35243798107135,0.011599999999999997
1,77,0.005870040971785784,500,42.30560992286901,92.43116341661715,0.0112
1,78,0.008868690580129623,500,15.21113131137203,18.626198901496817,0.0092
1,79,0.007954989559948444,500,91.9556161105639,64.27909184435771,0.014799999999999999
1,80,0.007809117902070284,500,57.869735856296906,81.78473345902997,0.017200000000000003
1,81,0.006932214368134737,500,24.876301458761112,9.261758411744122,0.007599999999999999
1,82,0.008511022664606571,500,66.82182011600949,9.704329689273427,0.010400000000000001
1,83,0.007175223436206579,500,66.98976752930932,77.10799191507859,0.009200000000000002
1,84,0.007696866523474455,500,48.66195034877069,35.0114327377593,0.010799999999999997
1,85,0.0069611030630767345,500,77.2629870564027,32.38509688949999,0.009999999999999998
1,86,0.008726537227630615,500,14.697392898788259,63.2375542426947,0.016399999999999998
1,87,0.0075032152235507965,500,87.46810311493262,62.96745829795864,0.012000000000000002
1,88,0.007797198835760355,500,83.88965497449823,68.06649976716591,0.008400000000000001
1,89,0.007230387534946203,500,41.2069001311455,5.09642931203858,0.010799999999999997
1,90,0.006308457814157009,500,77.67767353825676,37.837001573996034,0.007199999999999996
1,91,0.007266470696777105,500,18.594118786055294,1.1750057962563152,0.003999999999999999
1,92,0.007604849524796009,500,51.09771161158966,47.87043998704155,0.007999999999999997
1,93,0.008453113958239555,500,49.00448868624671,38.3105870555849,0.019200000000000002
1,94,0.00715290941298008,500,63.69043381135488,38.835396180180496,0.015600000000000001
1,95,0.0076385182328522205,500,44.43891365098345,37.1824404503025,0.013600000000000001
1,96,0.007893946021795273,500,21.95966745486668,18.47459715933266,0.0092
1,97,0.008744449354708195,500,92.29900474978511,68.19313821817646,0.0144
1,98,0.007173349615186453,500,45.604353380070826,46.977771695405416,0.007599999999999998
1,99,0.008437319658696651,500,46.207842047803446,97.84104020701893,0.013199999999999998
2,13,0.01657222770154476,500,80.17519314787134,20.431232039542106,0.008399999999999998
2,97,0.01623106561601162,500,92.96526738919705,67.44742104972461,0.0144
2,67,0.01684102788567543,500,2.745334534494174,77.55743449481805,0.010799999999999999
2,41,0.016523955389857292,500,57.65117437540185,42.98234373378615,0.0092
2,43,0.016978148370981216,500,44.29946109565372,58.368385048958515,0.0092
2,10,0.016300691291689873,500,0.22321208490736277,1.8113279866757734,0.0088
2,48,0.016715120524168015,500,11.081050909584825,64.00262036779166,0.008799999999999999
2,88,0.016461502760648727,500,83.75932196742413,67.07502949163214,0.008400000000000001
2,56,0.01643865369260311,500,47.646481702191345,85.58271371634667,0.003199999999999996
2,90,0.016745835542678833,500,77.15663527645735,36.983468253181286,0.007199999999999996
2,24,0.016849953681230545,500,51.73937161468258,26.406044709171347,0.008000000000000002
2,96,0.016629183664917946,500,21.550843491216035,19.387210421752716,0.0092
2,33,0.016602128744125366,500,26.41448847022349,49.097804458344925,0.0108
2,63,0.016343722119927406,500,84.53160108922752,91.11273989077971,0.012400000000000001
2,75,0.016848763450980186,500,15.641137116248846,85.38992642239485,0.006399999999999999
2,29,0.016566496342420578,500,39.42318482364153,93.4181931357496,0.014000000000000005
2,62,0.016675448045134544,500,15.711412545664377,49.45782173790597,0.0108
2,3,0.0165681391954422,500,28.835087261386736,93.9674013507994,0.009600000000000001
2,78,0.016657380387187004,500,15.697840313359562,17.752634738206964,0.0092
2,71,0.016701919957995415,500,80.15292204434388,32.111277807940006,0.0092
2,61,0.016315510496497154,500,72.52634052582354,10.633904558604854,0.008400000000000001
2,6,0.016568712890148163,500,52.41044905612659,51.787632497926495,0.012800000000000002
2,81,0.016630450263619423,500,25.704007125723102,8.70059593181606,0.007599999999999999
2,25,0.01663832552731037,500,34.53536007330037,16.642821957785547,0.010399999999999996
2,51,0.01669370010495186,500,65.2257356627028,85.47240204628703,0.012799999999999999
2,89,0.016542430967092514,500,40.86219680277681,4.157717633507017,0.010799999999999997
2,20,0.016384342685341835,500,67.2180965258201,45.81694628694358,0.0108
2,47,0.016501033678650856,500,56.38116012724016,29.09891493820698,0.0084
2,42,0.016967594623565674,500,9.034949934020993,34.08851312578428,0.0144
2,59,0.016441330313682556,500,86.18030591743761,34.28160263101993,0.012
2,66,0.016501646488904953,500,28.014912235573206,57.130986607311236,0.011200000000000003
2,54,0.01651913672685623,500,88.57070056520541,67.6594270840884,0.008399999999999998
2,73,0.016619833186268806,500,56.99338895995446,21.826802855654922,0.008799999999999997
2,50,0.016664596274495125,500,23.346965088631393,91.22000571043917,0.0084
2,52,0.016541728749871254,500,35.93507071295422,53.126534346238515,0.0188
2,53,0.016748834401369095,500,44.71786691986772,96.18181223460465,0.008800000000000002
2,99,0.016795804724097252,500,45.207948777036336,97.85565003503466,0.013199999999999998
2,12,0.016618959605693817,500,43.60610803926319,43.51873917679589,0.011999999999999999
2,11,0.016780445352196693,500,52.41690888381608,68.59523092261294,0.0156
2,0,0.01664593629539013,500,30.129503622842794,31.9462328882478,0.016
2,34,0.016695942729711533,500,41.66720485730884,34.67696314712684,0.010799999999999999
2,40,0.01658593863248825,500,32.78857513955894,10.179875380917506,0.008799999999999997
2,69,0.01685458794236183,500,74.83860377649229,69.60052385866503,0.011999999999999999
2,27,0.016690334305167198,500,37.365785742460154,51.83520910307064,0.011999999999999999
2,83,0.01688007265329361,500,67.39183600529056,76.19238231452707,0.009200000000000002
2,28,0.016551434993743896,500,27.140098753132378,21.676716088876873,0.007599999999999997
2,9,0.016061346977949142,500,88.72403476953961,87.9688856865917,0.0112
2,76,0.01672068051993847,500,3.6030673063362593,43.254307257108664,0.011599999999999997
2,30,0.016909869387745857,500,50.52129429392791,60.998946037101554,0.014400000000000003
2,98,0.016646703705191612,500,45.57623661385193,45.97816704982928,0.007599999999999998
2,1,0.016215933486819267,500,90.41371413201539,43.42288269137787,0.0072000000000000015
2,60,0.016601942479610443,500,29.00093870755014,10.666212576770052,0.010000000000000002
2,38,0.01677919551730156,500,51.305155595982434,66.61087917368192,0.012
2,95,0.01659548468887806,500,44.79904788293594,38.11534094605539,0.013600000000000001
2,15,0.016958683729171753,500,70.36955832597422,60.343893533675015,0.010799999999999994
2,32,0.016442663967609406,500,56.15630195472056,97.50924519231415,0.006399999999999997
2,39,0.016506876796483994,500,19.31707133490261,54.821220996717706,0.0072
2,23,0.01668057218194008,500,6.68583057745081,25.950027183793033,0.0112
2,55,0.01652194932103157,500,2.775942605620335,97.73637432176427,0.010800000000000004
2,14,0.016706198453903198,500,19.766468196248972,41.862456250430945,0.0116
2,58,0.016561409458518028,500,56.181866767205065,17.324197007039455,0.0072000000000000015
2,74,0.016603898257017136,500,63.551157646496925,17.818741089224137,0.009599999999999997
2,72,0.016754325479269028,500,72.35872062939167,39.74024270614813,0.012
2,86,0.01683938130736351,500,14.525379761091862,62.25245958711086,0.016399999999999998
2,46,0.01656142808496952,500,22.369754975288835,83.08636330933086,0.012799999999999999
2,94,0.016498422250151634,500,62.880644666684574,38.24867517222686,0.015600000000000001
2,45,0.016907868906855583,500,38.043619136879435,68.21939808415368,0.0092
2,18,0.01665608212351799,500,75.06174241902434,55.55148989744789,0.009600000000000001
2,5,0.016866154968738556,500,56.93603048116795,68.00757183814234,0.0076
2,19,0.016668172553181648,500,38.81249270929321,74.9638220538753,0.009600000000000001
2,91,0.01612819731235504,500,19.550918772397868,1.4657527414420786,0.003999999999999999
2,37,0.016433442011475563,500,22.445439084731856,91.00375888415377,0.0124
2,7,0.016619591042399406,500,46.19480306886564,18.43661486919291,0.006799999999999998
2,16,0.016578495502471924,500,29.199752314515425,57.572088325009,0.0128
2,36,0.01651030033826828,500,27.06127317468471,99.65442786035607,0.0108
2,31,0.01659112051129341,500,51.97811914355923,9.869921943307354,0.006799999999999999
2,26,0.01696591265499592,500,59.23873820061783,63.02969753723622,0.0116
2,77,0.016491545364260674,500,41.45680108829344,92.95986329589316,0.0112
2,93,0.016602689400315285,500,48.112985319564494,38.76360112511726,0.019200000000000002
2,80,0.016811547800898552,500,57.24295162981353,81.00554058596731,0.017200000000000003
2,87,0.0164357777684927,500,86.4736103973314,63.072263997413174,0.012000000000000002
2,64,0.01612366922199726,500,94.26415834462892,89.14392574736632,0.005199999999999999
2,92,0.016807405278086662,500,51.89286264180452,48.47685143082229,0.007999999999999997
2,79,0.016372384503483772,500,92.09282394986933,65.26963412454222,0.014799999999999999
2,82,0.016468357294797897,500,65.91103589698953,10.117212367990046,0.010400000000000001
2,2,0.01632053777575493,500,100.35912398648438,28.432340364027645,0.009199999999999998
2,84,0.016477573662996292,500,49.65076468961135,35.160584336302,0.010799999999999997
2,85,0.016678379848599434,500,76.5153369323645,31.721004055608756,0.009999999999999998
2,22,0.016549017280340195,500,2.7632946084993657,24.674012352775566,0.0132
2,8,0.016616398468613625,500,34.57181457892623,20.91249348095182,0.013200000000000002
2,68,0.01650995761156082,500,30.65904194592295,16.619811336818135,0.0132
2,70,0.01675168052315712,500,34.1840486358042,87.34255647588662,0.013599999999999998
2,4,0.016662269830703735,500,8.663233559755293,80.18779581853799,0.0075999999999999965
2,17,0.01651822030544281,500,64.5220784841279,79.38390144643394,0.012000000000000002
2,21,0.016689710319042206,500,79.29078468843355,21.931947322040294,0.0084
2,35,0.016540169715881348,500,41.24521629913296,81.89804631465393,0.0136
2,44,0.01689469814300537,500,52.56442194738867,62.89227019389794,0.010400000000000001
2,57,0.016572581604123116,500,90.56387419553789,41.65427408008031,0.0148
2,65,0.01666243188083172,500,8.021667121267292,22.60535049584458,0.0092
2,49,0.016309963539242744,500,22.07819660092782,4.348388403158658,0.014799999999999999
3,53,0.014340179041028023,500,45.21141471905083,97.05153090746474,0.008800000000000002
3,17,0.014256797730922699,500,63.752182778525935,80.02207117502944,0.012000000000000002
3,40,0.01441910583525896,500,32.86670161541197,11.176818836571229,0.008799999999999997
3,92,0.014981698244810104,500,52.68801367201938,49.08326287460304,0.007999999999999997
3,26,0.014512903988361359,500,60.23500796385224,62.94340409099114,0.0116
3,70,0.014433341100811958,500,35.06532737089174,87.81515333482933,0.013599999999999998
3,11,0.014590277336537838,500,51.72389544426008,67.87430625762029,0.0156
3,74,0.014640768058598042,500,63.7596053261776,18.796774608504403,0.009599999999999997
3,83,0.014344429597258568,500,67.7939044812718,75.27677271397555,0.009200000000000002
3,90,0.014739248901605606,500,76.63559701465795,36.12993493236654,0.007199999999999996
3,64,0.014452433213591576,500,93.84352821175874,90.05115796202892,0.005199999999999999
3,6,0.014403551816940308,500,52.21346203133294,52.768038593410886,0.012800000000000002
3,34,0.014570541679859161,500,40.95117171749787,33.97889685894752,0.010799999999999999
3,24,0.014948390424251556,500,51.113805027981506,27.186215488938938,0.008000000000000002
3,51,0.014215448871254921,500,64.64866120970349,86.28909358885102,0.012799999999999999
3,69,0.014322360046207905,500,74.43612064956442,68.68509645436781,0.011999999999999999
3,65,0.014473563060164452,500,7.480537908797594,21.764411035828626,0.0092
3,42,0.01477430947124958,500,9.153472841082438,35.081464444078236,0.0144
3,7,0.01449462678283453,500,46.75460038890569,17.607985301487304,0.006799999999999998
3,72,0.014105692505836487,500,72.96228114994776,38.94292551830752,0.012
3,89,0.014406180009245872,500,40.51749347440811,3.219005954975455,0.010799999999999997
3,61,0.014134793542325497,500,72.06643102909665,11.521870354579235,0.008400000000000001
3,80,0.015054968185722828,500,56.61616740333016,80.22634771290465,0.017200000000000003
3,49,0.014475373551249504,500,21.29496890831717,3.726653426236984,0.014799999999999999
3,91,0.01406562328338623,500,20.50771875874044,1.756499686627842,0.003999999999999999
3,21,0.014614403247833252,500,80.07202145273335,21.30771249594809,0.0084
3,43,0.014631704427301884,500,45.15254570119036,57.84661243967705,0.0092
3,9,0.014224909245967865,500,88.59277318361295,86.97753791912561,0.0112
3,85,0.014373398385941982,500,75.76768680832632,31.05691122171752,0.009999999999999998
3,46,0.01415329985320568,500,22.243574661077336,84.07837063203846,0.012799999999999999
3,87,0.014187544584274292,500,85.47911767973018,63.177069696867704,0.012000000000000002
3,44,0.014723029918968678,500,53.4085958595674,62.35620078981219,0.010400000000000001
3,68,0.014173799194395542,500,31.312575100140542,17.37670922711669,0.0132
3,57,0.014699729159474373,500,91.5359524077179,41.419616991108086,0.0148
3,56,0.01433267630636692,500,48.58115160257785,85.93823049135382,0.003199999999999996
3,63,0.01455625332891941,500,84.9198535895003,92.03429292562465,0.012400000000000001
3,88,0.014471917413175106,500,83.62898896035003,66.08355921609837,0.008400000000000001
3,45,0.014563055709004402,500,38.98716814547229,68.55063103599188,0.0092
3,28,0.014317844063043594,500,28.07128711073247,21.312177692174906,0.007599999999999997
3,22,0.014246218837797642,500,1.8792903071191227,25.141491117150196,0.0132
3,20,0.014482453465461731,500,68.1770751942085,46.10042452874712,0.0108
3,86,0.014656082727015018,500,14.353366623395466,61.26736493152703,0.016399999999999998
3,5,0.014485698193311691,500,57.49700872681319,68.83540238113576,0.0076
3,81,0.014474621042609215,500,26.53171279268509,8.139433451888,0.007599999999999999
3,35,0.014278889633715153,500,42.04698626463781,81.30041354914123,0.0136
3,50,0.013911230489611626,500,24.22951196714482,91.6902301326316,0.0084
3,95,0.014396796002984047,500,45.159182114888424,39.04824144180828,0.013600000000000001
3,96,0.014309540390968323,500,21.14201952756539,20.29982368417277,0.0092
3,66,0.014025906100869179,500,28.209351073911616,56.150071963651754,0.011200000000000003
3,4,0.014452270232141018,500,8.377684932321426,79.2294315968714,0.0075999999999999965
3,84,0.014468790963292122,500,50.63957903045201,35.3097359348447,0.010799999999999997
3,60,0.014140247367322445,500,29.98477742217062,10.487155648353637,0.010000000000000002
3,2,0.014195210300385952,500,99.36664167576703,28.55472852895042,0.009199999999999998
3,23,0.014052852988243103,500,5.731481876391659,26.24872193899759,0.0112
3,59,0.014252623543143272,500,85.34590770632141,34.83276469909619,0.012
3,71,0.014399080537259579,500,80.10815177869895,33.110275116902386,0.0092
3,94,0.014358221553266048,500,62.07085552201427,37.661954164273226,0.015600000000000001
3,39,0.014013327658176422,500,19.654652431806348,53.879924548719906,0.0072
3,18,0.014432862401008606,500,75.7799028413112,56.24736747853581,0.009600000000000001
3,78,0.014362438581883907,500,16.184549315347095,16.87907057491711,0.0092
3,13,0.014493596740067005,500,80.40244883442863,21.405067165694053,0.008399999999999998
3,82,0.01427975669503212,500,65.00025167796957,10.530095046706665,0.010400000000000001
3,99,0.014568493701517582,500,44.208055506269226,97.87025986305038,0.013199999999999998
3,38,0.014309396035969257,500,50.307014853376344,66.6718304488922,0.012
3,52,0.014027966186404228,500,35.0248629272913,53.540686234944346,0.0188
3,36,0.014397520571947098,500,26.130885889283167,100.02100595457767,0.0108
3,1,0.014189082197844982,500,89.80944850096006,42.62609975536248,0.0072000000000000015
3,54,0.014407800510525703,500,89.55998784074754,67.80540888586668,0.008399999999999998
3,76,0.014232989400625229,500,4.035076344366632,44.15617653314598,0.011599999999999997
3,73,0.01459647435694933,500,57.56165223318472,21.003956058068862,0.008799999999999997
3,10,0.014428877271711826,500,-0.717419064149025,2.1507584529348582,0.0088
3,25,0.014280196279287338,500,34.78230670759144,15.673792876791424,0.010399999999999996
3,58,0.014403391629457474,500,55.56035575785325,16.540791578634412,0.0072000000000000015
3,97,0.01463710144162178,500,93.63153002860899,66.70170388127276,0.0144
3,67,0.014212789945304394,500,2.4491211916496667,76.60231269341213,0.010799999999999999
3,75,0.014253422617912292,500,15.21686630806094,86.29546177859005,0.006399999999999999
3,12,0.014328652061522007,500,44.51439253534181,43.10038612710795,0.011999999999999999
3,33,0.014478260651230812,500,25.61303958444267,49.69586773549935,0.0108
3,14,0.014203875325620174,500,20.733678659610504,41.60848003193013,0.0116
3,32,0.014301007613539696,500,55.95605851568624,96.52949901848967,0.006399999999999997
3,62,0.014502279460430145,500,16.023166030188804,48.507658717742125,0.0108
3,77,0.014013674110174179,500,40.60799225371787,93.48856317516916,0.0112
3,15,0.014599586836993694,500,69.65193008439648,61.04031991664024,0.010799999999999994
3,19,0.014365628361701965,500,39.55743957415694,75.6309458568757,0.009600000000000001
3,48,0.014235390350222588,500,11.150145610774452,65.00023047312717,0.008799999999999999
3,37,0.013732911087572575,500,21.935586071360408,91.86402041691927,0.0124
3,79,0.014153172262012959,500,92.23003178917476,66.26017640472674,0.014799999999999999
3,3,0.014141285791993141,500,29.366020234982006,93.1199875336184,0.009600000000000001
3,41,0.014427397400140762,500,58.23090132221489,42.16753291700791,0.0092
3,55,0.014448391273617744,500,3.321933098900928,98.5741656927196,0.010800000000000004
3,27,0.01441860105842352,500,37.90644735007318,52.67644927451593,0.011999999999999999
3,0,0.014370661228895187,500,30.51293721399776,31.022664438605865,0.016
3,47,0.014410440810024738,500,56.4973590735066,30.09214089683199,0.0084
3,98,0.014604387804865837,500,45.54811984763304,44.97856240425315,0.007599999999999998
3,31,0.014659030362963676,500,51.98974781704428,8.86998955861678,0.006799999999999999
3,8,0.014701945707201958,500,35.44958176599224,21.39158091066608,0.013200000000000002
3,93,0.014745356515049934,500,47.22148195288228,39.21661519464963,0.019200000000000002
3,29,0.013996446505188942,500,38.43706448606821,93.58422530077883,0.014000000000000005
3,16,0.014519850723445415,500,29.964424037164072,56.9276683093503,0.0128
3,30,0.014149216003715992,500,51.295246889225076,61.63218957653388,0.014400000000000003
4,23,0.011931899935007095,500,4.777133175332509,26.54741669420215,0.0112
4,61,0.011466383934020996,500,71.60652153236975,12.409836150553616,0.008400000000000001
4,89,0.011719335801899433,500,40.17279014603942,2.2802942764438923,0.010799999999999997
4,79,0.011796300299465656,500,92.36723962848019,67.25071868491125,0.014799999999999999
4,3,0.011603407561779022,500,29.896953208577276,92.27257371643739,0.009600000000000001
4,88,0.011700362898409367,500,83.49865595327593,65.0920889405646,0.008400000000000001
4,76,0.011407741345465183,500,4.467085382397005,45.0580458091833,0.011599999999999997
4,10,0.011748004704713821,500,0.22321208490736277,1.8113279866757734,0.0088
4,67,0.011469569988548756,500,2.1529078488051594,75.64719089200621,0.010799999999999999
4,14,0.011452930979430676,500,21.700889122972036,41.35450381342931,0.0116
4,90,0.011835557408630848,500,76.11455875285854,35.27640161155179,0.007199999999999996
4,28,0.011137675493955612,500,29.002475468332563,20.94763929547294,0.007599999999999997
4,65,0.011803870089352131,500,6.939408696327895,20.923471575812673,0.0092
4,29,0.011108389124274254,500,37.45094414849489,93.75025746580805,0.014000000000000005
4,43,0.011649856343865395,500,46.00563030672701,57.32483983039559,0.0092
4,49,0.011733410879969597,500,20.511741215706518,3.10491844931531,0.014799999999999999
4,13,0.011727501638233662,500,80.62970452098591,22.378902291846,0.008399999999999998
4,68,0.01120773609727621,500,31.966108254358133,18.13360711741525,0.0132
4,52,0.011054551228880882,500,34.866506673619085,54.528068276974125,0.0188
4,50,0.01144498772919178,500,24.003692281579593,92.66439925019344,0.0084
4,78,0.011559907346963882,500,16.671258317334626,16.00550641162726,0.0092
4,58,0.011833340860903263,500,54.93884474850144,15.757386150229367,0.0072000000000000015
4,91,0.011924412101507187,500,21.464518745083016,2.0472466318136053,0.003999999999999999
4,64,0.011623289436101913,500,93.42289807888855,90.95839017669152,0.005199999999999999
4,18,0.011587684974074364,500,76.49806326359806,56.94324505962373,0.009600000000000001
4,95,0.01194033119827509,500,45.51931634684091,39.98114193756117,0.013600000000000001
4,2,0.011704404838383198,500,98.37415936504968,28.677116693873195,0.009199999999999998
4,63,0.011939416639506817,500,85.30810608977309,92.9558459604696,0.012400000000000001
4,55,0.012223677709698677,500,3.867923592181521,99.41195706367493,0.010800000000000004
4,80,0.012160985730588436,500,55.989383176846786,79.447154839842,0.017200000000000003
4,24,0.011861675418913364,500,50.48823844128043,27.96638626870653,0.008000000000000002
4,41,0.011429202742874622,500,58.81062826902793,41.35272210022967,0.0092
4,7,0.01174173690378666,500,47.31439770894575,16.7793557337817,0.006799999999999998
4,12,0.011518359184265137,500,45.422677031420434,42.682033077420016,0.011999999999999999
4,33,0.011635223403573036,500,24.811590698661853,50.29393101265377,0.0108
4,46,0.011163448914885521,500,22.117394346865836,85.07037795474605,0.012799999999999999
4,69,0.011309695430099964,500,74.03363752263654,67.76966905007059,0.011999999999999999
4,96,0.011575613170862198,500,20.733195563914748,21.212436946592828,0.0092
4,8,0.011721850372850895,500,36.327348953058255,21.870668340380337,0.013200000000000002
4,47,0.01140839233994484,500,56.613558019773045,31.085366855456996,0.0084
4,66,0.01089857704937458,500,28.403789912250026,55.16915731999227,0.011200000000000003
4,37,0.011094805784523487,500,21.42573305798896,92.72428194968478,0.0124
4,44,0.011520151980221272,500,54.25276977174613,61.82013138572644,0.010400000000000001
4,11,0.011898498050868511,500,51.03088200470408,67.15338159262764,0.0156
4,82,0.011352725327014923,500,64.08946745894961,10.942977725423283,0.010400000000000001
4,81,0.011547347530722618,500,27.35941845964708,7.578270971959939,0.007599999999999999
4,4,0.011967378668487072,500,8.092136304887559,78.2710673752048,0.0075999999999999965
4,27,0.011478260159492493,500,38.447108957686204,53.517689445961224,0.011999999999999999
4,92,0.012143573723733425,500,53.48316470223424,49.68967431838378,0.007999999999999997
4,36,0.011552845127880573,500,27.06127317468471,99.65442786035607,0.0108
4,35,0.011542010121047497,500,41.31359357406588,80.6206083112858,0.0136
4,30,0.011042540892958641,500,52.069199484522244,62.26543311596621,0.014400000000000003
4,34,0.011560242623090744,500,40.235138577686904,33.2808305707682,0.010799999999999999
4,20,0.011697656475007534,500,69.1360538625969,46.383902770550655,0.0108
4,38,0.011237099766731262,500,50.506507266908436,67.65172981971715,0.012
4,59,0.011755739338696003,500,84.51150949520522,35.38392676717245,0.012
4,25,0.01163006667047739,500,35.02925334188251,14.704763795797302,0.010399999999999996
4,31,0.011755459010601044,500,52.00137649052933,7.870057173926206,0.006799999999999999
4,84,0.011495236307382584,500,51.628393371292674,35.458887533387404,0.010799999999999997
4,74,0.011661319993436337,500,63.96805300585827,19.77480812778467,0.009599999999999997
4,6,0.01149341557174921,500,52.01647500653929,53.748444688895276,0.012800000000000002
4,60,0.011299464851617813,500,30.9686161367911,10.308098719937222,0.010000000000000002
4,62,0.011454025283455849,500,16.33491951471323,47.55749569757828,0.0108
4,99,0.011672758497297764,500,43.208162235502115,97.8848696910661,0.013199999999999998
4,94,0.01154001522809267,500,61.261066377343965,37.07523315631959,0.015600000000000001
4,75,0.011340541765093803,500,14.439466379466149,85.66645514029375,0.006399999999999999
4,97,0.011908071115612984,500,94.29779266802093,65.95598671282092,0.0144
4,42,0.012377966195344925,500,9.271995748143883,36.07441576237219,0.0144
4,16,0.011575398966670036,500,30.72909575981272,56.28324829369161,0.0128
4,71,0.011584900319576263,500,80.06338151305403,34.109272425864766,0.0092
4,40,0.01154645998030901,500,32.944828091265,12.173762292224952,0.008799999999999997
4,51,0.011684449389576912,500,64.07158675670418,87.105785131415,0.012799999999999999
4,86,0.011754980310797691,500,14.18135348569907,60.28227027594319,0.016399999999999998
4,1,0.011402149684727192,500,89.20518286990473,41.82931681934709,0.0072000000000000015
4,85,0.011462477967143059,500,75.02003668428813,30.392818387826285,0.009999999999999998
4,73,0.011578432284295559,500,58.129915506414974,20.181109260482803,0.008799999999999997
4,39,0.011431676335632801,500,19.992233528710084,52.938628100722106,0.0072
4,54,0.011760431341826916,500,90.54927511628966,67.95139068764496,0.008399999999999998
4,45,0.011523047462105751,500,39.93071715406514,68.88186398783009,0.0092
4,53,0.011454681865870953,500,45.70496251823394,97.92124958032483,0.008800000000000002
4,22,0.011635239236056805,500,0.9952860057388797,25.608969881524825,0.0132
4,57,0.012116657570004463,500,92.50803061989791,41.18495990213586,0.0148
4,87,0.011205189861357212,500,84.48462496212896,63.281875396322235,0.012000000000000002
4,77,0.01100602000951767,500,39.759183419142296,94.01726305444517,0.0112
4,32,0.011624985374510288,500,55.75581507665191,95.54975284466519,0.006399999999999997
4,17,0.011713762767612934,500,62.98228707292397,80.66024090362494,0.012000000000000002
4,83,0.01170419529080391,500,68.19597295725303,74.36116311342403,0.009200000000000002
4,26,0.011844951659440994,500,61.23127772708665,62.85711064474606,0.0116
4,70,0.011887677945196629,500,35.94660610597927,88.28775019377204,0.013599999999999998
4,72,0.011405707336962223,500,73.56584167050384,38.14560833046691,0.012
4,93,0.012148041278123856,500,46.32997858620006,39.66962926418199,0.019200000000000002
4,5,0.01182988379150629,500,57.11149111676487,69.75810285926647,0.0076
4,15,0.011966394260525703,500,68.93430184281874,61.73674629960547,0.010799999999999994
4,19,0.011460122652351856,500,40.302386439020665,76.29806965987609,0.009600000000000001
4,0,0.011375957168638706,500,30.896370805152724,30.09909598896393,0.016
4,98,0.01152090635150671,500,45.520003081414146,43.97895775867701,0.007599999999999998
4,9,0.011549536138772964,500,89.3500578774583,86.32445301463956,0.0112
4,48,0.011726460419595242,500,11.219240311964079,65.99784057846269,0.008799999999999999
4,56,0.011622036807239056,500,49.51582150296435,86.29374726636097,0.003199999999999996
4,21,0.01193630788475275,500,80.85325821703316,20.683477669855883,0.0084
5,66,0.007986770942807198,500,28.598228750588436,54.18824267633279,0.011200000000000003
5,98,0.008399531245231628,500,45.49188631519525,42.97935311310088,0.007599999999999998
5,61,0.008025002665817738,500,71.14661203564286,13.297801946527997,0.008400000000000001
5,1,0.008284153416752815,500,88.6009172388494,41.0325338833317,0.0072000000000000015
5,9,0.008150695823132992,500,90.10734257130365,85.67136811015351,0.0112
5,41,0.008521991781890392,500,59.39035521584097,40.53791128345143,0.0092
5,86,0.008659974671900272,500,14.009340348002674,59.297175620359354,0.016399999999999998
5,39,0.008525272831320763,500,20.32981462561382,51.997331652724306,0.0072
5,75,0.00834665447473526,500,13.662066450871357,85.03744850199745,0.006399999999999999
5,62,0.008266642689704895,500,15.338052260299476,47.478402859232574,0.0108
5,14,0.00846138410270214,500,22.668099586333568,41.100527594928494,0.0116
5,12,0.008683895692229271,500,46.330961527499056,42.26368002773208,0.011999999999999999
5,58,0.00843613687902689,500,54.317333739149625,14.973980721824322,0.0072000000000000015
5,20,0.008837170898914337,500,70.09503253098529,46.66738101235419,0.0108
5,29,0.008617495186626911,500,36.46482381092157,93.91628963083727,0.014000000000000005
5,15,0.008901982568204403,500,68.216673601241,62.4331726825707,0.010799999999999994
5,76,0.008354268968105316,500,4.899094420427377,45.959915085220615,0.011599999999999997
5,16,0.008708669804036617,500,31.493767482461365,55.63882827803291,0.0128
5,46,0.008028807118535042,500,21.991214032654337,86.06238527745364,0.012799999999999999
5,27,0.008394763804972172,500,38.98777056529923,54.35892961740652,0.011999999999999999
5,78,0.008294285275042057,500,17.157967319322157,15.131942248337406,0.0092
5,96,0.008613714016973972,500,20.324371600264104,22.125050209012883,0.0092
5,89,0.00865880586206913,500,39.82808681767072,1.3415825979123297,0.010799999999999997
5,42,0.009190508164465427,500,9.390518655205328,37.067367080666145,0.0144
5,71,0.00833458174020052,500,80.0186112474091,35.10826973482715,0.0092
5,24,0.008823852986097336,500,49.862671854579354,28.74655704847412,0.008000000000000002
5,55,0.00921680685132742,500,4.413914085462114,100.24974843463026,0.010800000000000004
5,37,0.007838161662220955,500,20.915880044617513,93.58454348245029,0.0124
5,90,0.008710609748959541,500,75.59352049105914,34.42286829073704,0.007199999999999996
5,68,0.008038797415792942,500,32.619641408575724,18.890505007713806,0.0132
5,85,0.008394826203584671,500,74.27238656024994,29.72872555393505,0.009999999999999998
5,48,0.008732197806239128,500,11.288335013153706,66.9954506837982,0.008799999999999999
5,92,0.009161313995718956,500,54.2783157324491,50.29608576216452,0.007999999999999997
5,5,0.008640374056994915,500,56.72597350671654,70.68080333739718,0.0076
5,67,0.00865640863776207,500,1.8566945059606523,74.69206909060028,0.010799999999999999
5,53,0.00867434497922659,500,46.19851031741705,98.79096825318491,0.008800000000000002
5,11,0.00842995010316372,500,50.337868565148085,66.43245692763499,0.0156
5,94,0.00861508958041668,500,60.45127723267366,36.488512148365956,0.015600000000000001
5,74,0.0088135851547122,500,64.17650068553894,20.752841647064937,0.009599999999999997
5,31,0.00868199672549963,500,52.01300516401438,6.870124789235632,0.006799999999999999
5,91,0.008870339021086693,500,22.42131873142559,2.3379935769993687,0.003999999999999999
5,23,0.008722237311303616,500,3.822784474273358,26.846111449406706,0.0112
5,34,0.00875801034271717,500,39.519105437875936,32.58276428258888,0.010799999999999999
5,49,0.009008984081447124,500,19.728513523095867,2.4831834723936357,0.014799999999999999
5,87,0.008190661668777466,500,83.49013224452774,63.386681095776765,0.012000000000000002
5,4,0.008649982511997223,500,7.806587677453692,77.3127031535382,0.0075999999999999965
5,30,0.0077473483979702,500,52.84315207981941,62.89867665539854,0.014400000000000003
5,21,0.008915191516280174,500,81.63449498133296,20.059242843763677,0.0084
5,60,0.008583609946072102,500,31.952454851411577,10.129041791520807,0.010000000000000002
5,54,0.00867698434740305,500,91.53856239183179,68.09737248942324,0.008399999999999998
5,17,0.008286737836897373,500,62.212391367322,81.29841063222044,0.012000000000000002
5,36,0.008738739416003227,500,26.418097531933274,98.88870918318325,0.0108
5,7,0.008750325068831444,500,47.8741950289858,15.950726166076095,0.006799999999999998
5,51,0.008704849518835545,500,63.494512303704866,87.92247667397899,0.012799999999999999
5,40,0.008587006479501724,500,33.022954567118035,13.170705747878674,0.008799999999999997
5,52,0.007961221970617771,500,34.70815041994687,55.515450319003904,0.0188
5,72,0.008620616979897022,500,74.16940219105993,37.348291142626294,0.012
5,38,0.008161989040672779,500,50.70599968044053,68.6316291905421,0.012
5,73,0.008645933121442795,500,58.69817877964523,19.358262462896743,0.008799999999999997
5,93,0.009210496209561825,500,45.43847521951785,40.12264333371436,0.019200000000000002
5,10,0.008690292946994305,500,1.1638432339637506,1.4718975204166886,0.0088
5,44,0.00855232123285532,500,55.09694368392486,61.28406198164069,0.010400000000000001
5,13,0.008526821620762348,500,80.8569602075432,23.352737417997947,0.008399999999999998
5,2,0.008882935158908367,500,97.38167705433233,28.79950485879597,0.009199999999999998
5,50,0.0083991764113307,500,23.777872596014365,93.63856836775528,0.0084
5,45,0.008813207969069481,500,40.874266162657996,69.21309693966829,0.0092
5,69,0.008371397852897644,500,73.63115439570866,66.85424164577337,0.011999999999999999
5,35,0.008758991956710815,500,40.580200883493944,79.94080307343039,0.0136
5,32,0.008267250843346119,500,55.55557163761759,94.57000667084071,0.006399999999999997
5,26,0.00849726889282465,500,61.80082295406989,63.67907064037882,0.0116
5,64,0.008647250942885876,500,93.00226794601836,91.86562239135412,0.005199999999999999
5,56,0.008343106135725975,500,50.45049140335085,86.64926404136811,0.003199999999999996
5,57,0.009198910556733608,500,93.48010883207792,40.95030281316363,0.0148
5,95,0.008647831156849861,500,45.879450578793396,40.91404243331406,0.013600000000000001
5,22,0.008955046534538269,500,0.11128170435863671,26.076448645899454,0.0132
5,28,0.008099731989204884,500,29.933663825932655,20.583100898770972,0.007599999999999997
5,83,0.008511505089700222,500,68.59804143323427,73.44555351287251,0.009200000000000002
5,77,0.00805858988314867,500,38.910374584566725,94.54596293372117,0.0112
5,43,0.008852376602590084,500,46.85871491226365,56.80306722111413,0.0092
5,25,0.008562576957046986,500,35.27619997617358,13.73573471480318,0.010399999999999996
5,80,0.009283649735152721,500,55.36259895036341,78.66796196677934,0.017200000000000003
5,33,0.008455938659608364,500,24.010141812881034,50.891994289808196,0.0108
5,79,0.008740285411477089,500,92.50444746778562,68.24126096509576,0.014799999999999999
5,63,0.008752965368330479,500,85.69635859004588,93.87739899531455,0.012400000000000001
5,84,0.008749275468289852,500,52.617207712133336,35.608039131930106,0.010799999999999997
5,70,0.008629836142063141,500,36.827884841066805,88.76034705271475,0.013599999999999998
5,88,0.008757916279137135,500,83.36832294620183,64.10061866503082,0.008400000000000001
5,6,0.008581021800637245,500,51.81948798174564,54.72885078437967,0.012800000000000002
5,97,0.00847561750560999,500,94.96405530743287,65.21026954436907,0.0144
5,3,0.008635737001895905,500,30.427886182172546,91.42515989925639,0.009600000000000001
5,8,0.008660453371703625,500,37.20511614012427,22.349755770094596,0.013200000000000002
5,99,0.008778602816164494,500,42.208268964735005,97.89947951908182,0.013199999999999998
5,82,0.00826091319322586,500,63.17868323992966,11.355860404139902,0.010400000000000001
5,81,0.008608773350715637,500,28.18712412660907,7.017108492031879,0.007599999999999999
5,47,0.008367124013602734,500,56.72975696603949,32.07859281408201,0.0084
5,65,0.00888937059789896,500,6.398279483858197,20.08253211579672,0.0092
5,0,0.008196590468287468,500,31.27980439630769,29.175527539321997,0.016
5,59,0.008614698424935341,500,83.67711128408902,35.935088835248706,0.012
5,19,0.008306841365993023,500,41.04733330388439,76.96519346287648,0.009600000000000001
5,18,0.00840507261455059,500,77.21622368588491,57.63912264071165,0.009600000000000001
6,34,0.005519164260476828,500,38.80307229806497,31.884697994409564,0.010799999999999999
6,1,0.005501429084688425,500,87.99665160779408,40.23575094731631,0.0072000000000000015
6,61,0.005501939449459314,500,70.68670253891597,14.185767742502378,0.008400000000000001
6,91,0.006140933372080326,500,23.378118717768164,2.628740522185132,0.003999999999999999
6,26,0.005974874831736088,500,62.37036818105314,64.50103063601158,0.0116
6,27,0.005711361300200224,500,39.528432172912254,55.20016978885181,0.011999999999999999
6,10,0.00580883352085948,500,2.1044743830201385,1.1324670541576038,0.0088
6,30,0.00502955075353384,500,53.61710467511658,63.53192019483087,0.014400000000000003
6,94,0.005824140273034573,500,59.641488088003356,35.90179114041232,0.015600000000000001
6,41,0.00591161847114563,500,59.97008216265401,39.72310046667319,0.0092
6,23,0.006058625411242247,500,2.868435773214207,27.144806204611264,0.0112
6,79,0.005865490064024925,500,92.64165530709106,69.23180324528028,0.014799999999999999
6,85,0.005670694634318352,500,73.52473643621175,29.064632720043814,0.009999999999999998
6,19,0.005703519098460674,500,41.79228016874812,77.63231726587688,0.009600000000000001
6,54,0.005762199871242046,500,92.52784966737391,68.24335429120151,0.008399999999999998
6,51,0.006179366260766983,500,62.917437850705554,88.73916821654298,0.012799999999999999
6,96,0.0055251093581318855,500,19.91554763661346,23.03766347143294,0.0092
6,95,0.005909041501581669,500,46.23958481074588,41.84694292906695,0.013600000000000001
6,49,0.006034459453076124,500,18.945285830485215,1.8614484954719615,0.014799999999999999
6,72,0.006047711707651615,500,74.77296271161602,36.55097395478568,0.012
6,47,0.005148710682988167,500,56.84595591230593,33.07181877270702,0.0084
6,4,0.00575237488374114,500,7.521039050019825,76.3543389318716,0.0075999999999999965
6,56,0.005904130171984434,500,51.385161303737355,87.00478081637526,0.003199999999999996
6,33,0.005521904211491346,500,23.208692927100216,51.49005756696262,0.0108
6,81,0.005979565903544426,500,29.01482979357106,6.455946012103818,0.007599999999999999
6,63,0.005970045458525419,500,86.08461109031866,94.7989520301595,0.012400000000000001
6,43,0.005915614776313305,500,47.711799517800294,56.281294611832664,0.0092
6,92,0.006160538177937269,500,55.07346676266396,50.90249720594527,0.007999999999999997
6,40,0.005927031859755516,500,33.10108104297107,14.167649203532397,0.008799999999999997
6,45,0.006136059295386076,500,41.81781517125085,69.5443298915065,0.0092
6,93,0.00637931190431118,500,44.54697185283563,40.57565740324672,0.019200000000000002
6,22,0.005932492669671774,500,-0.7727225970216063,26.543927410274083,0.0132
6,15,0.006461234763264656,500,67.27289042168431,62.76373781985208,0.010799999999999994
6,88,0.0053757536225020885,500,83.23798993912773,63.109148389497044,0.008400000000000001
6,48,0.005840982310473919,500,11.357429714343333,67.99306078913371,0.008799999999999999
6,37,0.0052184429951012135,500,20.406027031246065,94.44480501521579,0.0124
6,53,0.005677478853613138,500,46.692058116600165,99.660686926045,0.008800000000000002
6,70,0.006188266444951296,500,37.70916357615434,89.23294391165746,0.013599999999999998
6,29,0.006033455487340689,500,35.478703473348254,94.08232179586649,0.014000000000000005
6,89,0.006077837664633989,500,39.48338348930203,0.40287091938076713,0.010799999999999997
6,67,0.005910024046897888,500,1.5604811631161453,73.73694728919436,0.010799999999999999
6,13,0.005976956803351641,500,81.08421589410048,24.326572544149894,0.008399999999999998
6,77,0.005521451588720083,500,38.06156574999115,95.07466281299718,0.0112
6,78,0.0055849128402769566,500,17.64467632130969,14.258378085047553,0.0092
6,55,0.006360359489917755,500,3.867923592181521,99.41195706367493,0.010800000000000004
6,17,0.005217899102717638,500,61.44249566172003,81.93658036081594,0.012000000000000002
6,99,0.005998081527650356,500,41.208375693967895,97.91408934709754,0.013199999999999998
6,68,0.005397484637796879,500,33.273174562793315,19.647402898012363,0.0132
6,18,0.00558300269767642,500,77.93438410817177,58.33500022179957,0.009600000000000001
6,9,0.00525897229090333,500,90.864627265149,85.01828320566746,0.0112
6,16,0.005972941406071186,500,32.258439205110015,54.994408262374215,0.0128
6,52,0.005318294744938612,500,33.70911605820977,55.5593860000451,0.0188
6,83,0.0058123343624174595,500,69.00010990921551,72.52994391232099,0.009200000000000002
6,28,0.005540997255593538,500,30.864852183532747,20.218562502069005,0.007599999999999997
6,87,0.005453646648675203,500,82.49563952692652,63.491486795231296,0.012000000000000002
6,31,0.005964647978544235,500,52.02463383749943,5.870192404545058,0.006799999999999999
6,98,0.005622169002890587,500,45.46376954897636,41.97974846752474,0.007599999999999998
6,84,0.00567982392385602,500,53.606022052974,35.75719073047281,0.010799999999999997
6,50,0.005917783360928297,500,23.552052910449138,94.61273748531713,0.0084
6,73,0.006143535487353802,500,59.26644205287549,18.535415665310683,0.008799999999999997
6,57,0.00641395291313529,500,94.45218704425793,40.715645724191404,0.0148
6,8,0.005741750821471214,500,38.08288332719028,22.828843199808855,0.013200000000000002
6,20,0.0060172779485583305,500,71.05401119937369,46.95085925415773,0.0108
6,5,0.0058118971064686775,500,56.34045589666822,71.60350381552789,0.0076
6,32,0.005421197507530451,500,55.355328198583265,93.59026049701623,0.006399999999999997
6,21,0.00581463472917676,500,82.41573174563277,19.43500801767147,0.0084
6,59,0.005959732457995415,500,82.84271307297283,36.486250903324965,0.012
6,24,0.005963440984487534,500,49.23710526787828,29.52672782824171,0.008000000000000002
6,36,0.005616411566734314,500,25.774921889181837,98.12299050601044,0.0108
6,12,0.0063623241148889065,500,47.23924602357768,41.84532697804414,0.011999999999999999
6,64,0.005724005401134491,500,92.58163781314818,92.77285460601672,0.005199999999999999
6,0,0.005804991815239191,500,31.663237987462654,28.251959089680064,0.016
6,80,0.005922011565417051,500,54.73581472388004,77.88876909371669,0.017200000000000003
6,66,0.005013621412217617,500,28.792667588926847,53.20732803267331,0.011200000000000003
6,25,0.00569676561281085,500,35.52314661046465,12.766705633809057,0.010399999999999996
6,39,0.005552404094487429,500,20.667395722517558,51.056035204726506,0.0072
6,65,0.006142207887023687,500,5.857150271388498,19.241592655780767,0.0092
6,76,0.005941692739725113,500,5.33110345845775,46.86178436125793,0.011599999999999997
6,71,0.005740582011640072,500,79.97384098176417,36.10726704378953,0.0092
6,38,0.005450892727822065,500,50.90549209397262,69.61152856136705,0.012
6,3,0.005911337211728096,500,30.958819155767817,90.57774608207538,0.009600000000000001
6,97,0.00582797359675169,500,95.63031794684481,64.46455237591722,0.0144
6,35,0.006145160645246506,500,39.84680819292201,79.26099783557497,0.0136
6,44,0.005516720470041037,500,55.941117596103595,60.74799257755494,0.010400000000000001
6,42,0.006374476943165064,500,9.509041562266773,38.0603183989601,0.0144
6,46,0.005523308180272579,500,21.865033718442838,87.05439260016124,0.012799999999999999
6,14,0.005884043872356415,500,21.924247218616387,41.76887155954667,0.0116
6,7,0.005908166524022818,500,48.43399234902586,15.12209659837049,0.006799999999999998
6,90,0.005978395696729422,500,75.07248222925973,33.569334969922295,0.007199999999999996
6,11,0.0054895635694265366,500,49.64485512559209,65.71153226264234,0.0156
6,58,0.005519676487892866,500,53.69582272979781,14.190575293419277,0.0072000000000000015
6,69,0.0053066774271428585,500,73.22867126878079,65.93881424147615,0.011999999999999999
6,60,0.005675594788044691,500,32.936293566032056,9.949984863104392,0.010000000000000002
6,6,0.005807946436107159,500,51.62250095695199,55.70925687986406,0.012800000000000002
6,74,0.0063371816650033,500,64.38494836521961,21.730875166345204,0.009599999999999997
6,86,0.005688793957233429,500,13.837327210306277,58.31208096477552,0.016399999999999998
6,75,0.0055839428678154945,500,12.884666522276566,84.40844186370114,0.006399999999999999
6,2,0.006012781523168087,500,96.38919474361498,28.921893023718745,0.009199999999999998
6,62,0.0055681439116597176,500,14.34118500588572,47.399310020886865,0.0108
6,82,0.005226448178291321,500,62.26789902090971,11.76874308285652,0.010400000000000001
7,2,0.004059385508298874,500,95.39671243289763,29.04428118864152,0.009199999999999998
7,90,0.004085942637175322,500,74.55144396746033,32.71580164910755,0.007199999999999996
7,81,0.0040973518043756485,500,29.84253546053305,5.894783532175758,0.007599999999999999
7,27,0.003937124274671078,500,40.461251736704135,55.56051359885432,0.011999999999999999
7,66,0.0034363737795501947,500,28.987106427265257,52.22641338901383,0.011200000000000003
7,70,0.004242662340402603,500,38.59044231124187,89.70554077060017,0.013599999999999998
7,22,0.004064440727233887,500,-1.7492892876948203,26.759142415948798,0.0132
7,34,0.003918518777936697,500,38.087039158254,31.186631706230244,0.010799999999999999
7,96,0.0035907041747123003,500,19.506723672962817,23.950276733852995,0.0092
7,72,0.00426330603659153,500,75.3765232321721,35.75365676694507,0.012
7,68,0.0035370723344385624,500,33.926707717010906,20.40430078831092,0.0132
7,82,0.003643817501142621,500,61.35711480188976,12.18162576157314,0.010400000000000001
7,32,0.0036916176322847605,500,55.15508475954894,92.61051432319175,0.006399999999999997
7,49,0.004118462558835745,500,18.162058137874563,1.2397135185502872,0.014799999999999999
7,25,0.003795771859586239,500,35.77009324475572,11.797676552814934,0.010399999999999996
7,91,0.0040222592651844025,500,24.334918704110738,2.9194874673708955,0.003999999999999999
7,23,0.0038827206008136272,500,1.9140870721550562,27.44350095981582,0.0112
7,36,0.0038955174386501312,500,25.1317462464304,97.35727182883763,0.0108
7,62,0.003831785172224045,500,13.344317751471964,47.32021718254116,0.0108
7,20,0.004310790449380875,500,72.01298986776209,47.23433749596126,0.0108
7,8,0.0039375280030071735,500,38.960650514256294,23.307930629523113,0.013200000000000002
7,41,0.00405525928363204,500,60.54980910946705,38.90828964989495,0.0092
7,78,0.004090980626642704,500,18.13138532329722,13.3848139217577,0.0092
7,55,0.004516064655035734,500,3.321933098900928,98.5741656927196,0.010800000000000004
7,13,0.00419326638802886,500,81.31147158065777,25.30040767030184,0.008399999999999998
7,45,0.0044953483156859875,500,42.7613641798437,69.8755628433447,0.0092
7,16,0.004135540220886469,500,33.023110927758665,54.34998824671552,0.0128
7,74,0.004474832210689783,500,64.59339604490029,22.70890868562547,0.009599999999999997
7,52,0.003768072696402669,500,32.71008169647268,55.6033216810863,0.0188
7,37,0.003780901664867997,500,19.896174017874618,95.3050665479813,0.0124
7,57,0.004535178653895855,500,95.42426525643793,40.48098863521918,0.0148
7,59,0.003999093547463417,500,82.00831486185663,37.037412971401224,0.012
7,77,0.0035872948355972767,500,37.21275691541558,95.60336269227318,0.0112
7,93,0.004588725045323372,500,43.65546848615342,41.02867147277909,0.019200000000000002
7,39,0.0038461682852357626,500,21.004976819421294,50.114738756728705,0.0072
7,48,0.004102684091776609,500,11.42652441553296,68.99067089446922,0.008799999999999999
7,3,0.00417328579351306,500,31.489752129363087,89.73033226489437,0.009600000000000001
7,73,0.004304483998566866,500,59.83470532610575,17.712568867724624,0.008799999999999997
7,9,0.003599606454372406,500,91.86217858039092,84.94834485096047,0.0112
7,31,0.004084711894392967,500,52.03626251098448,4.870260019854484,0.006799999999999999
7,50,0.004371222108602524,500,23.32623322488391,95.58690660287897,0.0084
7,4,0.003827624022960663,500,7.235490422585958,75.395974710205,0.0075999999999999965
7,54,0.004346959758549929,500,93.51713694291604,68.38933609297979,0.008399999999999998
7,95,0.003955970052629709,500,46.59971904269837,42.77984342481984,0.013600000000000001
7,10,0.00404718704521656,500,3.0451055320765263,0.793036587898519,0.0088
7,98,0.0038734397385269403,500,45.435652782757465,40.98014382194861,0.007599999999999998
7,71,0.0038815264124423265,500,79.92907071611924,37.10626435275191,0.0092
7,1,0.003599246498197317,500,87.39238597673875,39.43896801130092,0.0072000000000000015
7,40,0.0041273836977779865,500,33.1792075188241,15.16459265918612,0.008799999999999997
7,15,0.004274392034858465,500,66.32910724212762,63.094302957133465,0.010799999999999994
7,6,0.003859748365357518,500,52.322691424823645,54.99530078268324,0.012800000000000002
7,30,0.003489183494821191,500,54.39105727041375,64.16516373426319,0.014400000000000003
7,94,0.003946711774915457,500,58.83169894333305,35.315070132458686,0.015600000000000001
7,79,0.004157290328294039,500,92.77886314639649,70.22234552546479,0.014799999999999999
7,12,0.004156839102506638,500,48.1475305196563,41.426973928356205,0.011999999999999999
7,35,0.004751585889607668,500,39.11341550235008,78.58119259771955,0.0136
7,97,0.0041825128719210625,500,96.29658058625675,63.718835207465375,0.0144
7,58,0.003901155898347497,500,53.074311720446,13.407169865014232,0.0072000000000000015
7,63,0.004247563425451517,500,86.47286359059144,95.72050506500445,0.012400000000000001
7,24,0.004430608358234167,500,48.6115386811772,30.306898608009302,0.008000000000000002
7,51,0.004371571354568005,500,62.34036339770624,89.55585975910697,0.012799999999999999
7,83,0.00393381854519248,500,69.40217838519675,71.61433431176947,0.009200000000000002
7,53,0.0037960463669151068,500,47.18560591578328,100.53040559890509,0.008800000000000002
7,14,0.0037992626894265413,500,21.180394850899205,42.43721552416484,0.0116
7,88,0.004055643454194069,500,84.21761605141674,62.908318411352525,0.008400000000000001
7,17,0.0035679766442626715,500,60.67259995611806,82.57475008941144,0.012000000000000002
7,7,0.0043253242038190365,500,48.99378966906591,14.293467030664885,0.006799999999999998
7,5,0.004116069059818983,500,55.95493828661989,72.5262042936586,0.0076
7,21,0.004063428845256567,500,83.19696850993257,18.810773191579266,0.0084
7,69,0.0036637436132878065,500,72.82618814185291,65.02338683717893,0.011999999999999999
7,64,0.003955221269279718,500,92.16100768027799,93.68008682067932,0.005199999999999999
7,87,0.0037527098320424557,500,81.5011468093253,63.59629249468583,0.012000000000000002
7,67,0.004092935938388109,500,1.2642678202716382,72.78182548778844,0.010799999999999999
7,0,0.004609997849911451,500,32.04667157861762,27.32839064003813,0.016
7,44,0.003964622039347887,500,56.78529150828233,60.21192317346919,0.010400000000000001
7,28,0.00347983674146235,500,31.79604054113284,19.85402410536704,0.007599999999999997
7,60,0.0038599513936787844,500,33.92013228065254,9.770927934687977,0.010000000000000002
7,18,0.004061772488057613,500,78.65254453045863,59.03087780288749,0.009600000000000001
7,86,0.004142828285694122,500,13.665314072609881,57.32698630919168,0.016399999999999998
7,61,0.0038271029479801655,500,70.22679304218907,15.073733538476759,0.008400000000000001
7,29,0.004145459271967411,500,34.492583135774936,94.24835396089571,0.014000000000000005
7,85,0.003804474603384733,500,72.77708631217357,28.40053988615258,0.009999999999999998
7,46,0.0037631054874509573,500,21.73885340423134,88.04639992286883,0.012799999999999999
7,76,0.0039755008183419704,500,5.763112496488122,47.76365363729525,0.011599999999999997
7,56,0.003734421916306019,500,51.391159656560376,86.00479880665537,0.003199999999999996
7,11,0.003857863135635853,500,48.95184168603609,64.99060759764969,0.0156
7,33,0.003979593515396118,500,22.407244041319398,52.08812084411704,0.0108
7,84,0.003958439454436302,500,54.59483639381466,35.90634232901551,0.010799999999999997
7,42,0.004420410841703415,500,9.627564469328219,39.053269717254054,0.0144
7,43,0.0043631624430418015,500,48.56488412333694,55.7595220025512,0.0092
7,92,0.00434077950194478,500,55.86861779287882,51.50890864972601,0.007999999999999997
7,47,0.0033943846356123686,500,56.962154858572376,34.06504473133203,0.0084
7,65,0.0041199009865522385,500,5.3160210589188,18.400653195764814,0.0092
7,38,0.003647683886811137,500,51.10498450750471,70.591427932192,0.012
7,75,0.0037268726155161858,500,12.107266593681775,83.77943522540484,0.006399999999999999
7,89,0.00425510061904788,500,38.86080926240765,-0.3796898335367709,0.010799999999999997
7,99,0.003957168199121952,500,40.208482423200785,97.92869917511327,0.013199999999999998
7,26,0.004154970403760672,500,62.93991340803638,65.32299063164434,0.0116
7,80,0.0042491783387959,500,54.10903049739667,77.10957622065403,0.017200000000000003
7,19,0.003709940006956458,500,42.53722703361185,78.29944106887727,0.009600000000000001
8,28,0.0026355907320976257,500,32.72722889873293,19.48948570866507,0.007599999999999997
8,31,0.003239933168515563,500,52.04789118446953,3.8703276351639104,0.006799999999999999
8,33,0.002886095317080617,500,21.60579515553858,52.68618412127147,0.0108
8,16,0.0042796689085662365,500,33.787782650407316,53.70556823105682,0.0128
8,98,0.00303853047080338,500,45.40753601653857,39.980539176372474,0.007599999999999998
8,44,0.0032019908539950848,500,57.62946542046106,59.67585376938344,0.010400000000000001
8,22,0.003511304035782814,500,-0.7727225970216063,26.543927410274083,0.0132
8,0,0.0036859617102891207,500,32.43010516977258,26.404822190396196,0.016
8,20,0.003182723419740796,500,72.97196853615048,47.5178157377648,0.0108
8,39,0.002921545645222068,500,21.34255791632503,49.173442308730905,0.0072
8,48,0.003250822192057967,500,11.495619116722587,69.98828099980473,0.008799999999999999
8,93,0.0036636805161833763,500,42.7639651194712,41.48168554231145,0.019200000000000002
8,9,0.0025993152521550655,500,92.85972989563284,84.87840649625348,0.0112
8,61,0.002960797632113099,500,69.76688354546218,15.96169933445114,0.008400000000000001
8,78,0.0031083778012543917,500,18.61809432528475,12.511249758467848,0.0092
8,56,0.0028901223558932543,500,51.397158009383396,85.00481679693549,0.003199999999999996
8,2,0.0030424296855926514,500,94.40423012218028,29.166669353564295,0.009199999999999998
8,76,0.0032461017835885286,500,6.195121534518495,48.665522913332566,0.011599999999999997
8,89,0.0032112004701048136,500,39.48338348930203,0.402870919380767,0.010799999999999997
8,38,0.0028253125492483377,500,51.3044769210368,71.57132730301696,0.012
8,6,0.0029834588058292866,500,53.0228818926953,54.28134468550242,0.012800000000000002
8,24,0.0035414965823292732,500,48.075642885616894,29.462614475562894,0.008000000000000002
8,8,0.0032817746978253126,500,39.83841770132231,23.787018059237372,0.013200000000000002
8,82,0.003138527274131775,500,60.446330582869805,12.594508440289758,0.010400000000000001
8,4,0.0027791650500148535,500,6.949941795152091,74.4376104885384,0.0075999999999999965
8,59,0.0031675496138632298,500,81.17391665074044,37.58857503947748,0.012
8,10,0.003032259177416563,500,3.9857366811329142,0.4536061216394343,0.0088
8,57,0.0035797201562672853,500,96.39634346861794,40.24633154624695,0.0148
8,19,0.00298870331607759,500,43.28217389847558,78.96656487187767,0.009600000000000001
8,36,0.0032151921186596155,500,24.488570603678962,96.59155315166481,0.0108
8,54,0.003311317414045334,500,94.50642421845816,68.53531789475807,0.008399999999999998
8,50,0.0034656268544495106,500,23.100413539318684,96.56107572044081,0.0084
8,42,0.003318742848932743,500,9.746087376389664,40.04622103554801,0.0144
8,65,0.00329494196921587,500,4.774891846449101,17.55971373574886,0.0092
8,74,0.0037897636648267508,500,64.80184372458096,23.686942204905737,0.009599999999999997
8,71,0.002987999003380537,500,79.88430045047431,38.10526166171429,0.0092
8,35,0.003590942593291402,500,38.38002281177815,77.90138735986413,0.0136
8,99,0.0029398342594504356,500,39.208589152433674,97.94330900312899,0.013199999999999998
8,66,0.002462657866999507,500,29.181545265603667,51.24549874535435,0.011200000000000003
8,91,0.00331188109703362,500,25.291718690453312,3.210234412556659,0.003999999999999999
8,75,0.0031000676099210978,500,11.329866665086984,83.15042858710854,0.006399999999999999
8,53,0.003080054884776473,500,46.692058116600165,99.660686926045,0.008800000000000002
8,69,0.0026339259929955006,500,72.42370501492503,64.10795943288171,0.011999999999999999
8,51,0.003525839652866125,500,61.76328894470693,90.37255130167095,0.012799999999999999
8,95,0.0031324955634772778,500,46.959853274650854,43.71274392057273,0.013600000000000001
8,29,0.0033912640064954758,500,33.50646279820162,94.41438612592493,0.014000000000000005
8,26,0.0030904551967978477,500,62.2155458182979,66.01240458199382,0.0116
8,43,0.003674326464533806,500,49.41796872887358,55.23774939326974,0.0092
8,37,0.0025958726182579994,500,19.38632100450317,96.1653280807468,0.0124
8,14,0.002938881516456604,500,20.436542483182023,43.105559488783015,0.0116
8,83,0.0029575801454484463,500,69.80424686117799,70.69872471121795,0.009200000000000002
8,1,0.002722395583987236,500,86.78812034568342,38.64218507528553,0.0072000000000000015
8,86,0.003345814300701022,500,13.493300934913485,56.341891653607846,0.016399999999999998
8,23,0.002877705730497837,500,0.9597383710959053,27.74219571502038,0.0112
8,96,0.0028045775834470987,500,19.097899709312173,24.86288999627305,0.0092
8,34,0.0029258134309202433,500,37.45652451463757,30.41045435266648,0.010799999999999999
8,46,0.003035341389477253,500,21.61267309001984,89.03840724557642,0.012799999999999999
8,88,0.0032615610398352146,500,85.19724216370575,62.707488433208006,0.008400000000000001
8,64,0.0029773632995784283,500,91.7403775474078,94.58731903534192,0.005199999999999999
8,15,0.003497736295685172,500,65.38532406257093,63.42486809441485,0.010799999999999994
8,55,0.0037951949052512646,500,2.775942605620335,97.73637432176427,0.010800000000000004
8,68,0.0029110030736774206,500,34.5802408712285,21.161198678609477,0.0132
8,32,0.002719605341553688,500,54.95484132051462,91.63076814936727,0.006399999999999997
8,12,0.0035782905761152506,500,49.05581501573492,41.00862087866827,0.011999999999999999
8,13,0.0033152506221085787,500,81.53872726721505,26.274242796453787,0.008399999999999998
8,27,0.003133005928248167,500,41.394071300496016,55.92085740885683,0.011999999999999999
8,30,0.002735151443630457,500,55.165009865710914,64.79840727369552,0.014400000000000003
8,72,0.0034082976635545492,500,75.98008375272819,34.95633957910446,0.012
8,81,0.003265026956796646,500,30.67024112749504,5.333621052247698,0.007599999999999999
8,58,0.0030462006106972694,500,52.452800711094184,12.623764436609187,0.0072000000000000015
8,47,0.0025436312425881624,500,57.07835380483882,35.05827068995704,0.0084
8,77,0.0027701235376298428,500,36.36394808084001,96.13206257154918,0.0112
8,90,0.0030268789269030094,500,74.03040570566093,31.8622683282928,0.007199999999999996
8,5,0.0030186406802386045,500,55.56942067657157,73.4489047717893,0.0076
8,11,0.0031162728555500507,500,48.25882824648009,64.26968293265703,0.0156
8,92,0.0034349225461483,500,56.66376882309368,52.11532009350675,0.007999999999999997
8,7,0.003444876754656434,500,49.553586989105966,13.46483746295928,0.006799999999999998
8,60,0.003018120303750038,500,34.90397099527302,9.591871006271562,0.010000000000000002
8,52,0.003285626182332635,500,31.711047334735582,55.6472573621275,0.0188
8,21,0.0031945607624948025,500,83.97820527423238,18.18653836548706,0.0084
8,62,0.0030551906675100327,500,12.347450497058208,47.24112434419545,0.0108
8,84,0.0033544301986694336,500,55.58365073465532,36.05549392755821,0.010799999999999997
8,79,0.0032658358104526997,500,92.91607098570192,71.2128878056493,0.014799999999999999
8,70,0.003270502667874098,500,39.47172104632941,90.17813762954287,0.013599999999999998
8,17,0.002839884487912059,500,59.902704250516095,83.21291981800694,0.012000000000000002
8,18,0.0031894792336970568,500,79.37070495274548,59.72675538397541,0.009600000000000001
8,73,0.0035601784475147724,500,60.402968599336006,16.889722070138564,0.008799999999999997
8,49,0.0031128579284995794,500,17.37883044526391,0.6179785416286131,0.014799999999999999
8,45,0.0035708846990019083,500,43.70491318843656,70.2067957951829,0.0092
8,94,0.003426837734878063,500,58.02190979866275,34.72834912450505,0.015600000000000001
8,87,0.0028580615762621164,500,80.50665409172409,63.70109819414036,0.012000000000000002
8,85,0.0026206611655652523,500,72.02943618813538,27.736447052261344,0.009999999999999998
8,40,0.003338783048093319,500,33.25733399467713,16.16153611483984,0.008799999999999997
8,63,0.003184003522619605,500,86.86111609086423,96.6420580998494,0.012400000000000001
8,67,0.0031629339791834354,500,0.9680544774271311,71.82670368638252,0.010799999999999999
8,41,0.0032521774992346764,500,61.12953605628009,38.093478833116706,0.0092
8,80,0.003165922127664089,500,53.48224627091329,76.33038334759138,0.017200000000000003
8,25,0.0028006848879158497,500,36.01703987904679,10.828647471820812,0.010399999999999996
8,3,0.003398176981136203,500,32.02068510295836,88.88291844771337,0.009600000000000001
8,97,0.0030212700366973877,500,96.96284322566869,62.97311803901353,0.0144
9,50,0.0030868626199662685,500,22.874593853753456,97.53524483800265,0.0084
9,18,0.002789178630337119,500,80.08886537503234,60.42263296506333,0.009600000000000001
9,11,0.0027048310730606318,500,47.565814806924095,63.54875826766438,0.0156
9,0,0.0026543233543634415,500,32.81353876092754,25.481253740754262,0.016
9,14,0.002583206631243229,500,19.692690115464842,43.77390345340119,0.0116
9,71,0.0023666233755648136,500,79.83953018482939,39.10425897067667,0.0092
9,68,0.0025400922168046236,500,35.23377402544609,21.918096568908034,0.0132
9,15,0.003154035657644272,500,64.44154088301424,63.75543323169623,0.010799999999999994
9,39,0.0026154823135584593,500,21.680139013228768,48.232145860733105,0.0072
9,83,0.0026675406843423843,500,70.20631533715923,69.78311511066643,0.009200000000000002
9,94,0.0029661653097718954,500,57.21212065399244,34.141628116551416,0.015600000000000001
9,66,0.0022150399163365364,500,29.375984103942077,50.264584101694865,0.011200000000000003
9,51,0.003066539065912366,500,61.18621449170762,91.18924284423494,0.012799999999999999
9,48,0.002986902603879571,500,11.564713817912214,70.98589110514024,0.008799999999999999
9,43,0.0031737186945974827,500,50.271053334410226,54.715976783988275,0.0092
9,54,0.0028748554177582264,500,95.49571149400029,68.68129969653634,0.008399999999999998
9,64,0.002489309059455991,500,91.31974741453762,95.49455125000452,0.005199999999999999
9,65,0.0030481498688459396,500,4.233762633979403,16.71877427573291,0.0092
9,75,0.0026595862582325935,500,10.552466736492192,82.52142194881223,0.006399999999999999
9,52,0.002746370853856206,500,30.712012972998487,55.691193043168695,0.0188
9,53,0.002781830495223403,500,46.19851031741705,98.79096825318491,0.008800000000000002
9,67,0.0029553419444710016,500,0.6718411345826241,70.87158188497659,0.010799999999999999
9,98,0.002743178280070424,500,45.37941925031968,38.98093453079634,0.007599999999999998
9,37,0.002372772665694356,500,18.876467991131722,97.02558961351231,0.0124
9,77,0.0023418888449668884,500,35.51513924626444,96.66076245082519,0.0112
9,16,0.0027139929588884115,500,34.552454373055966,53.06114821539813,0.0128
9,62,0.0028170410078018904,500,11.350583242644452,47.16203150584974,0.0108
9,2,0.002656207885593176,500,93.41174781146293,29.28905751848707,0.009199999999999998
9,58,0.002657380187883973,500,51.83128970174237,11.840359008204143,0.0072000000000000015
9,28,0.00227999035269022,500,33.658417256333024,19.124947311963105,0.007599999999999997
9,76,0.003055567154660821,500,6.627130572548867,49.56739218936988,0.011599999999999997
9,92,0.003085340606048703,500,57.458919853308544,52.721731537287496,0.007999999999999997
9,84,0.0031052646227180958,500,56.572465075495984,36.20464552610091,0.010799999999999997
9,29,0.003062720177695155,500,32.5203424606283,94.58041829095416,0.014000000000000005
9,85,0.0021137341391295195,500,71.28178606409719,27.07235421837011,0.009999999999999998
9,96,0.002198142698034644,500,18.68907574566153,25.775503258693107,0.0092
9,24,0.0029674831312149763,500,47.539747090056586,28.618330343116483,0.008000000000000002
9,32,0.0024865386076271534,500,54.754597881480294,90.65102197554279,0.006399999999999997
9,81,0.002685352461412549,500,31.49794679445703,4.772458572319637,0.007599999999999999
9,91,0.002910519950091839,500,26.248518676795886,3.5009813577424223,0.003999999999999999
9,34,0.0026257948484271765,500,36.82600987102114,29.634276999102717,0.010799999999999999
9,13,0.003293998073786497,500,81.76598295377234,27.248077922605734,0.008399999999999998
9,79,0.003229987807571888,500,93.05327882500735,72.20343008583382,0.014799999999999999
9,45,0.003196733770892024,500,44.64846219702941,70.5380287470211,0.0092
9,42,0.002779105445370078,500,9.864610283451109,41.03917235384196,0.0144
9,4,0.002207585610449314,500,6.664393167718224,73.4792462668718,0.0075999999999999965
9,27,0.0024963729083538055,500,42.3268908642879,56.281201218859344,0.011999999999999999
9,6,0.0027604589704424143,500,53.72307236056696,53.5673885883216,0.012800000000000002
9,61,0.0027353824116289616,500,69.30697404873528,16.84966513042552,0.008400000000000001
9,87,0.002755063818767667,500,79.51216137412287,63.80590389359489,0.012000000000000002
9,46,0.002486963290721178,500,21.48649277580834,90.03041456828402,0.012799999999999999
9,5,0.0025798999704420567,500,55.18390306652324,74.37160524992001,0.0076
9,33,0.0026474075857549906,500,20.80434626975776,53.28424739842589,0.0108
9,8,0.0026163733564317226,500,40.71618488838832,24.26610548895163,0.013200000000000002
9,72,0.0029502836987376213,500,76.58364427328428,34.159022391263846,0.012
9,47,0.0020327914971858263,500,56.40710458149718,35.79950242171388,0.0084
9,30,0.0023186765611171722,500,55.93896246100808,65.43165081312785,0.014400000000000003
9,93,0.003297266084700823,500,41.872461752788986,41.93469961184382,0.019200000000000002
9,59,0.002950273221358657,500,80.33951843962424,38.13973710755374,0.012
9,23,0.002419828437268734,500,0.00538967003675439,28.040890470224937,0.0112
9,22,0.0029929287265986204,500,-1.7492892876948203,26.759142415948798,0.0132
9,63,0.0026771908160299063,500,87.24936859113701,97.56361113469434,0.012400000000000001
9,82,0.0026058326475322247,500,59.53554636384985,13.007391119006376,0.010400000000000001
9,21,0.002969784429296851,500,84.75944203853219,17.562303539394854,0.0084
9,57,0.003325455589219928,500,97.36842168079795,40.01167445727472,0.0148
9,9,0.0021957475692033768,500,93.85728121087476,84.80846814154648,0.0112
9,20,0.0026796574238687754,500,73.93094720453888,47.801293979568335,0.0108
9,10,0.0026305774226784706,500,4.926367830189302,0.11417565538034957,0.0088
9,95,0.0025611738674342632,500,47.31998750660334,44.64564441632562,0.013600000000000001
9,60,0.0026190639473497868,500,35.8878097098935,9.412814077855147,0.010000000000000002
9,41,0.0024823476560413837,500,61.70926300309313,37.278668016338464,0.0092
9,89,0.0032490333542227745,500,40.10595771619641,1.185431672298305,0.010799999999999997
9,73,0.003044222015887499,500,60.971231872566264,16.066875272552505,0.008799999999999997
9,31,0.002656936878338456,500,52.05951985795458,2.8703952504733365,0.006799999999999999
9,69,0.0024276552721858025,500,72.02122188799716,63.19253202858449,0.011999999999999999
9,3,0.0029551333282142878,500,32.55161807655363,88.03550463053236,0.009600000000000001
9,7,0.002854469232261181,500,50.11338430914602,12.636207895253676,0.006799999999999998
9,90,0.0026548951864242554,500,73.50936744386152,31.00873500747805,0.007199999999999996
9,26,0.0029595361556857824,500,61.49117822855941,66.7018185323433,0.0116
9,86,0.003001679666340351,500,13.321287797217089,55.35679699802401,0.016399999999999998
9,56,0.0023542651906609535,500,51.40315636220642,84.0048347872156,0.003199999999999996
9,70,0.0030133358668535948,500,40.35299978141694,90.65073448848558,0.013599999999999998
9,17,0.002253990387544036,500,59.13280854491413,83.85108954660244,0.012000000000000002
9,1,0.0024001977872103453,500,86.1838547146281,37.84540213927014,0.0072000000000000015
9,36,0.0026190304197371006,500,23.845394960927525,95.825834474492,0.0108
9,74,0.003240698017179966,500,65.01029140426164,24.664975724186004,0.009599999999999997
9,19,0.0024788673035800457,500,44.027120763339305,79.63368867487806,0.009600000000000001
9,78,0.002937020966783166,500,19.104803327272283,11.637685595177995,0.0092
9,25,0.0025066162925213575,500,36.26398651333786,9.85961839082669,0.010399999999999996
9,99,0.0024713673628866673,500,38.208695881666564,97.95791883114471,0.013199999999999998
9,40,0.0030717910267412663,500,33.335460470530165,17.15847957049356,0.008799999999999997
9,55,0.0031139752827584743,500,2.229952112339742,96.89858295080894,0.010800000000000004
9,35,0.0032735245767980814,500,37.646630121206215,77.22158212200871,0.0136
9,97,0.0024536768905818462,500,97.62910586508063,62.22740087056168,0.0144
9,38,0.0024931677617132664,500,51.50396933456889,72.55122667384191,0.012
9,80,0.0027111421804875135,500,52.85546204442992,75.55119047452872,0.017200000000000003
9,44,0.002628438640385866,500,58.47363933263979,59.139784365297686,0.010400000000000001
9,12,0.003276989096775651,500,49.964099511813544,40.59026782898033,0.011999999999999999
9,49,0.0027622084598988295,500,16.59560275265326,-0.0037564352930610223,0.014799999999999999
9,88,0.002822351409122348,500,86.17686827599476,62.50665845506349,0.008400000000000001
10,64,0.002434029243886471,500,90.89911728166743,96.40178346466712,0.005199999999999999
10,20,0.0024522128514945507,500,74.88992587292728,48.08477222137187,0.0108
10,76,0.002900322200730443,500,7.05913961057924,50.4692614654072,0.011599999999999997
10,60,0.0024831569753587246,500,36.871648424513985,9.233757149438732,0.010000000000000002
10,54,0.0027921446599066257,500,96.48499876954241,68.82728149831462,0.008399999999999998
10,39,0.0023199087008833885,500,22.017720110132505,47.290849412735305,0.0072
10,97,0.0022190732415765524,500,98.29536850449257,61.481683702109834,0.0144
10,40,0.0026700422167778015,500,33.4135869463832,18.155423026147282,0.008799999999999997
10,1,0.0023289290256798267,500,85.57958908357277,37.04861920325475,0.0072000000000000015
10,84,0.002667789114639163,500,57.561279416336646,36.35379712464361,0.010799999999999997
10,34,0.0023231147788465023,500,36.19549522740471,28.858099645538953,0.010799999999999999
10,4,0.0020541271660476923,500,6.378844540284357,72.5208820452052,0.0075999999999999965
10,43,0.0030330668669193983,500,50.87762313693386,55.5110070190526,0.0092
10,59,0.0027706180699169636,500,79.50512022850805,38.69089917563,0.012
10,69,0.0022250469774007797,500,71.61873876106928,62.27710462428726,0.011999999999999999
10,82,0.0024006282910704613,500,58.6247621448299,13.420273797722995,0.010400000000000001
10,32,0.0022660677786916494,500,54.55435444244597,89.67127580171831,0.006399999999999997
10,38,0.002321074018254876,500,51.703461748100985,73.53112604466686,0.012
10,88,0.002801832277327776,500,87.15649438828378,62.30582847691897,0.008400000000000001
10,31,0.002889408729970455,500,52.071148531439626,1.8704628657827624,0.006799999999999999
10,98,0.0025325166061520576,500,45.351302484100785,37.981329885220205,0.007599999999999998
10,63,0.002580639673396945,500,87.6376210914098,98.48516416953929,0.012400000000000001
10,30,0.001959966728463769,500,55.19963871429338,64.75830068314811,0.014400000000000003
10,47,0.0017954506911337376,500,55.73585535815554,36.54073415347072,0.0084
10,94,0.002970119472593069,500,56.40233150932214,33.55490710859778,0.015600000000000001
10,52,0.002401836449280381,500,29.71297861126139,55.73512872420989,0.0188
10,57,0.0032083075493574142,500,98.34049989297796,39.777017368302495,0.0148
10,73,0.0029213568195700645,500,61.53949514579652,15.244028474966445,0.008799999999999997
10,45,0.002903157379478216,500,45.59201120562226,70.8692616988593,0.0092
10,44,0.0024802477564662695,500,59.317813244818524,58.603714961211935,0.010400000000000001
10,18,0.0024705289397388697,500,80.8070257973192,61.11851054615125,0.009600000000000001
10,95,0.0023783680517226458,500,47.680121738555826,45.578544912078506,0.013600000000000001
10,85,0.0019934463780373335,500,70.534135940059,26.408261384478873,0.009999999999999998
10,25,0.0024861139245331287,500,36.51093314762893,8.890589309832567,0.010399999999999996
10,68,0.0023732453119009733,500,35.88730717966368,22.67499445920659,0.0132
10,8,0.0026598763652145863,500,40.64305882598152,25.263428194497273,0.013200000000000002
10,33,0.0025507754180580378,500,20.002897383976944,53.882310675580314,0.0108
10,12,0.0029549943283200264,500,50.872384007892165,40.17191477929239,0.011999999999999999
10,15,0.003031810512766242,500,63.497757703457545,64.08599836897761,0.010799999999999994
10,17,0.002109644003212452,500,58.36291283931216,84.48925927519794,0.012000000000000002
10,35,0.003210818860679865,500,36.91323743063428,76.5417768841533,0.0136
10,83,0.0023948124144226313,500,70.60838381314046,68.86750551011491,0.009200000000000002
10,87,0.0024811793118715286,500,78.51766865652165,63.91070959304942,0.012000000000000002
10,92,0.002916648518294096,500,58.254070883523404,53.32814298106824,0.007999999999999997
10,24,0.0032090297900140285,500,47.00385129449628,27.774046210670072,0.008000000000000002
10,81,0.0024737638887017965,500,32.32565246141902,4.211296092391577,0.007599999999999999
10,36,0.0026912183966487646,500,23.622928217956137,96.80077475382797,0.0108
10,42,0.002769063226878643,500,9.983133190512554,42.03212367213592,0.0144
10,16,0.0026442029047757387,500,35.317126095704616,52.41672819973943,0.0128
10,61,0.002500971546396613,500,68.84706455200839,17.737630926399902,0.008400000000000001
10,71,0.002216826658695936,500,79.79475991918446,40.10325627963905,0.0092
10,58,0.002388695487752557,500,51.20977869239056,11.056953579799098,0.0072000000000000015
10,21,0.002630598610267043,500,85.54067880283199,16.93806871330265,0.0084
10,91,0.002816075924783945,500,27.20531866313846,3.7917283029281856,0.003999999999999999
10,23,0.002399919554591179,500,-0.9489590310223965,28.339585225429495,0.0112
10,28,0.002320451894775033,500,34.58960561393312,18.760408915261138,0.007599999999999997
10,46,0.002305436646565795,500,21.36031246159684,91.02242189099161,0.012799999999999999
10,56,0.002040404826402664,500,51.40915471502944,83.00485277749571,0.003199999999999996
10,6,0.002649463713169098,500,54.42326282843862,52.85343249114078,0.012800000000000002
10,2,0.002514544641599059,500,92.41926550074558,29.411445683409845,0.009199999999999998
10,99,0.0024006760213524103,500,37.208802610899454,97.97252865916043,0.013199999999999998
10,96,0.001959629822522402,500,18.280251782010886,26.688116521113162,0.0092
10,48,0.002501721726730466,500,11.63380851910184,71.98350121047575,0.008799999999999999
10,74,0.0031233332119882107,500,65.21873908394231,25.64300924346627,0.009599999999999997
10,51,0.002939259633421898,500,60.609140038708304,92.00593438679893,0.012799999999999999
10,5,0.0025470636319369078,500,54.79838545647492,75.29430572805072,0.0076
10,14,0.002411709865555167,500,19.265489353245805,42.8697466590566,0.0116
10,10,0.0025067885871976614,500,5.86699897924569,-0.22525481087873517,0.0088
10,29,0.002933548064902425,500,31.534222123054985,94.74645045598338,0.014000000000000005
10,62,0.002739465329796076,500,10.353715988230697,47.08293866750403,0.0108
10,75,0.002553631318733096,500,9.775066807897401,81.89241531051593,0.006399999999999999
10,77,0.0024125694762915373,500,34.66633041168887,97.1894623301012,0.0112
10,55,0.003001794684678316,500,1.6839616190591489,96.06079157985361,0.010800000000000004
10,78,0.002610894851386547,500,19.591512329259814,10.764121431888142,0.0092
10,3,0.0027857229579240084,500,33.0825510501489,87.18809081335135,0.009600000000000001
10,37,0.0022316724061965942,500,18.366614977760275,97.88585114627782,0.0124
10,41,0.002630096860229969,500,62.28898994990617,36.46385719956022,0.0092
10,22,0.0031730891205370426,500,-0.7727225970216063,26.543927410274083,0.0132
10,90,0.002307137008756399,500,72.98832918206212,30.155201686663304,0.007199999999999996
10,86,0.002924564993008971,500,13.149274659520692,54.37170234244017,0.016399999999999998
10,9,0.0021994810085743666,500,94.85483252611668,84.73852978683949,0.0112
10,11,0.002862633438780904,500,46.8728013673681,62.82783360267173,0.0156
10,49,0.0027520437724888325,500,17.37883044526391,0.6179785416286127,0.014799999999999999
10,67,0.0028175527695566416,500,0.37562779173811695,69.91646008357067,0.010799999999999999
10,27,0.0027184193022549152,500,43.25971042807978,56.641545028861856,0.011999999999999999
10,53,0.0025700966361910105,500,45.70496251823394,97.92124958032483,0.008800000000000002
10,50,0.002789539285004139,500,22.64877416818823,98.5094139555645,0.0084
10,19,0.0024970569647848606,500,44.77206762820303,80.30081247787845,0.009600000000000001
10,93,0.003003134159371257,500,40.98095838610677,42.387713681376184,0.019200000000000002
10,0,0.00267103873193264,500,33.196972352082504,24.55768529111233,0.016
10,65,0.0027797818183898926,500,3.6926334215097043,15.877834815716955,0.0092
10,7,0.0029190443456172943,500,50.673181629186075,11.807578327548072,0.006799999999999998
10,70,0.0028079396579414606,500,41.234278516504475,91.12333134742829,0.013599999999999998
10,79,0.002838261192664504,500,93.19048666431279,73.19397236601833,0.014799999999999999
10,72,0.0028536745812743902,500,77.18720479384037,33.361705203423234,0.012
10,89,0.002804788760840893,500,40.728531943090786,1.9679924252158427,0.010799999999999997
10,13,0.002894243923947215,500,81.99323864032962,28.22191304875768,0.008399999999999998
10,80,0.00233645923435688,500,52.22867781794655,74.77199760146607,0.017200000000000003
10,26,0.002333669224753976,500,60.76681063882093,67.39123248269277,0.0116
10,66,0.002126637613400817,500,29.570422942280487,49.283669458035384,0.011200000000000003
11,86,0.002740702824667096,500,12.977261521824296,53.38660768685634,0.016399999999999998
11,37,0.002296511782333255,500,17.856761964388827,98.74611267904332,0.0124
11,77,0.0024239851627498865,500,33.8175215771133,97.7181622093772,0.0112
11,44,0.002525090239942074,500,60.161987156997256,58.067645557126184,0.010400000000000001
11,13,0.0028019773308187723,500,82.22049432688691,29.195748174909628,0.008399999999999998
11,99,0.002184395445510745,500,36.208909340132344,97.98713848717615,0.013199999999999998
